[
    {
        "haveMenu": false,
        "name": "第1章 化学基础知识",
        "pId": 0,
        "id": 5000341530,
        "type": 4
    },
    {
        "haveMenu": false,
        "name": "第2章 化学热力学基础",
        "pId": 0,
        "id": 5000341531,
        "type": 4
    },
    {
        "haveMenu": false,
        "name": "第3章 反应速率",
        "pId": 0,
        "id": 5000341532,
        "type": 4
    },
    {
        "haveMenu": false,
        "name": "第4章 化学平衡",
        "pId": 0,
        "id": 5000341533,
        "type": 4
    },
    {
        "haveMenu": false,
        "name": "第5章 原子结构和元素周期律",
        "pId": 0,
        "id": 5000341534,
        "type": 4
    },
    {
        "haveMenu": false,
        "name": "第6章 分子结构和共价键理论",
        "pId": 0,
        "id": 5000341535,
        "type": 4
    },
    {
        "haveMenu": false,
        "name": "第7章 晶体结构",
        "pId": 0,
        "id": 5000341536,
        "type": 4
    },
    {
        "haveMenu": false,
        "name": "第8章 酸碱解离平衡",
        "pId": 0,
        "id": 5000341537,
        "type": 4
    },
    {
        "haveMenu": false,
        "name": "第9章 沉淀溶解平衡",
        "pId": 0,
        "id": 5000341538,
        "type": 4
    },
    {
        "haveMenu": false,
        "name": "第10章 氧化还原反应",
        "pId": 0,
        "id": 5000341539,
        "type": 4
    },
    {
        "haveMenu": false,
        "name": "第11章 配位化学基础",
        "pId": 0,
        "id": 5000341540,
        "type": 4
    },
    {
        "haveMenu": false,
        "name": "第12章 碱金属和碱土金属",
        "pId": 0,
        "id": 5000341541,
        "type": 4
    },
    {
        "haveMenu": false,
        "name": "第13章 硼族元素",
        "pId": 0,
        "id": 5000341542,
        "type": 4
    },
    {
        "haveMenu": false,
        "name": "第14章 碳族元素",
        "pId": 0,
        "id": 5000341543,
        "type": 4
    },
    {
        "haveMenu": false,
        "name": "第15章 氮族元素",
        "pId": 0,
        "id": 5000341544,
        "type": 4
    },
    {
        "haveMenu": false,
        "name": "第16章 氧族元素",
        "pId": 0,
        "id": 5000341545,
        "type": 4
    },
    {
        "haveMenu": false,
        "name": "第17章 卤素",
        "pId": 0,
        "id": 5000341546,
        "type": 4
    },
    {
        "haveMenu": false,
        "name": "第18章 氢和稀有气体",
        "pId": 0,
        "id": 5000341547,
        "type": 5
    },
    {
        "haveMenu": false,
        "name": "第19章 铜副族元素和锌副族元素",
        "pId": 0,
        "id": 5000341548,
        "type": 4
    },
    {
        "haveMenu": false,
        "name": "第20章 钛副族元素和钒副族元素",
        "pId": 0,
        "id": 5000341549,
        "type": 4
    },
    {
        "haveMenu": false,
        "name": "第21章 铬副族元素和锰副族元素",
        "pId": 0,
        "id": 5000341550,
        "type": 4
    },
    {
        "haveMenu": false,
        "name": "第22章 铁系元素和铂系元素",
        "pId": 0,
        "id": 5000341551,
        "type": 4
    },
    {
        "haveMenu": false,
        "name": "第23章 镧系元素和锕系元素",
        "pId": 0,
        "id": 5000341552,
        "type": 4
    },
    {
        "haveMenu": false,
        "name": "第24章 无机化学新兴领域简介",
        "pId": 0,
        "id": 5000341553,
        "type": 5
    },
    {
        "haveMenu": false,
        "name": "教学课件",
        "pId": 5000341530,
        "id": 5000341554,
        "type": 1
    },
    {
        "haveMenu": false,
        "name": "书中插图",
        "pId": 5000341530,
        "id": 5000345618,
        "type": 1
    },
    {
        "haveMenu": false,
        "name": "MOOC视频",
        "pId": 5000341530,
        "id": 5000349501,
        "type": 1
    },
    {
        "haveMenu": false,
        "name": "教学课件",
        "pId": 5000341531,
        "id": 5000341556,
        "type": 1
    },
    {
        "haveMenu": false,
        "name": "书中插图",
        "pId": 5000341531,
        "id": 5000341557,
        "type": 1
    },
    {
        "haveMenu": false,
        "name": "MOOC视频",
        "pId": 5000341531,
        "id": 5000349502,
        "type": 1
    },
    {
        "haveMenu": false,
        "name": "教学课件",
        "pId": 5000341532,
        "id": 5000341558,
        "type": 1
    },
    {
        "haveMenu": false,
        "name": "书中插图",
        "pId": 5000341532,
        "id": 5000341559,
        "type": 1
    },
    {
        "haveMenu": false,
        "name": "MOOC视频",
        "pId": 5000341532,
        "id": 5000349503,
        "type": 1
    },
    {
        "haveMenu": false,
        "name": "教学课件",
        "pId": 5000341533,
        "id": 5000341560,
        "type": 1
    },
    {
        "haveMenu": false,
        "name": "MOOC视频",
        "pId": 5000341533,
        "id": 5000349504,
        "type": 1
    },
    {
        "haveMenu": false,
        "name": "教学课件",
        "pId": 5000341534,
        "id": 5000341561,
        "type": 1
    },
    {
        "haveMenu": false,
        "name": "书中插图",
        "pId": 5000341534,
        "id": 5000341562,
        "type": 1
    },
    {
        "haveMenu": false,
        "name": "MOOC视频",
        "pId": 5000341534,
        "id": 5000349505,
        "type": 1
    },
    {
        "haveMenu": false,
        "name": "教学课件",
        "pId": 5000341535,
        "id": 5000341563,
        "type": 1
    },
    {
        "haveMenu": false,
        "name": "书中插图",
        "pId": 5000341535,
        "id": 5000341564,
        "type": 1
    },
    {
        "haveMenu": false,
        "name": "MOOC视频",
        "pId": 5000341535,
        "id": 5000349506,
        "type": 1
    },
    {
        "haveMenu": false,
        "name": "教学课件",
        "pId": 5000341536,
        "id": 5000341565,
        "type": 1
    },
    {
        "haveMenu": false,
        "name": "书中插图",
        "pId": 5000341536,
        "id": 5000341566,
        "type": 1
    },
    {
        "haveMenu": false,
        "name": "MOOC视频",
        "pId": 5000341536,
        "id": 5000349507,
        "type": 1
    },
    {
        "haveMenu": false,
        "name": "教学课件",
        "pId": 5000341537,
        "id": 5000341567,
        "type": 1
    },
    {
        "haveMenu": false,
        "name": "MOOC视频",
        "pId": 5000341537,
        "id": 5000349508,
        "type": 1
    },
    {
        "haveMenu": false,
        "name": "教学课件",
        "pId": 5000341538,
        "id": 5000341568,
        "type": 1
    },
    {
        "haveMenu": false,
        "name": "MOOC视频",
        "pId": 5000341538,
        "id": 5000349509,
        "type": 1
    },
    {
        "haveMenu": false,
        "name": "教学课件",
        "pId": 5000341539,
        "id": 5000341569,
        "type": 1
    },
    {
        "haveMenu": false,
        "name": "书中插图",
        "pId": 5000341539,
        "id": 5000341570,
        "type": 1
    },
    {
        "haveMenu": false,
        "name": "MOOC视频",
        "pId": 5000341539,
        "id": 5000349510,
        "type": 1
    },
    {
        "haveMenu": false,
        "name": "教学课件",
        "pId": 5000341540,
        "id": 5000341571,
        "type": 1
    },
    {
        "haveMenu": false,
        "name": "书中插图",
        "pId": 5000341540,
        "id": 5000341572,
        "type": 1
    },
    {
        "haveMenu": false,
        "name": "MOOC视频",
        "pId": 5000341540,
        "id": 5000349511,
        "type": 1
    },
    {
        "haveMenu": false,
        "name": "教学课件",
        "pId": 5000341541,
        "id": 5000341586,
        "type": 1
    },
    {
        "haveMenu": false,
        "name": "书中插图",
        "pId": 5000341541,
        "id": 5000341587,
        "type": 1
    },
    {
        "haveMenu": false,
        "name": "MOOC视频",
        "pId": 5000341541,
        "id": 5000349512,
        "type": 1
    },
    {
        "haveMenu": false,
        "name": "矿物标本图片——毒重石",
        "pId": 5000341541,
        "id": 5000341573,
        "type": 1
    },
    {
        "haveMenu": false,
        "name": "矿物标本图片——白云石",
        "pId": 5000341541,
        "id": 5000341574,
        "type": 1
    },
    {
        "haveMenu": false,
        "name": "矿物标本图片——光卤石",
        "pId": 5000341541,
        "id": 5000341575,
        "type": 1
    },
    {
        "haveMenu": false,
        "name": "矿物标本图片——钾长石",
        "pId": 5000341541,
        "id": 5000341576,
        "type": 1
    },
    {
        "haveMenu": false,
        "name": "矿物标本图片——锂辉石",
        "pId": 5000341541,
        "id": 5000341577,
        "type": 1
    },
    {
        "haveMenu": false,
        "name": "矿物标本图片——菱镁矿",
        "pId": 5000341541,
        "id": 5000341578,
        "type": 1
    },
    {
        "haveMenu": false,
        "name": "矿物标本图片——菱锰矿",
        "pId": 5000341541,
        "id": 5000341579,
        "type": 1
    },
    {
        "haveMenu": false,
        "name": "矿物标本图片——绿柱石",
        "pId": 5000341541,
        "id": 5000341580,
        "type": 1
    },
    {
        "haveMenu": false,
        "name": "矿物标本图片—— 芒硝",
        "pId": 5000341541,
        "id": 5000341581,
        "type": 1
    },
    {
        "haveMenu": false,
        "name": "矿物标本图片——硝石",
        "pId": 5000341541,
        "id": 5000341582,
        "type": 1
    },
    {
        "haveMenu": false,
        "name": "矿物标本图片——榍石",
        "pId": 5000341541,
        "id": 5000341583,
        "type": 1
    },
    {
        "haveMenu": false,
        "name": "矿物标本图片——钠硝石",
        "pId": 5000341541,
        "id": 5000341584,
        "type": 1
    },
    {
        "haveMenu": false,
        "name": "矿物标本图片——钠长石",
        "pId": 5000341541,
        "id": 5000341585,
        "type": 1
    },
    {
        "haveMenu": false,
        "name": "教学课件",
        "pId": 5000341542,
        "id": 5000341593,
        "type": 1
    },
    {
        "haveMenu": false,
        "name": "书中插图",
        "pId": 5000341542,
        "id": 5000341594,
        "type": 1
    },
    {
        "haveMenu": false,
        "name": "MOOC视频",
        "pId": 5000341542,
        "id": 5000349513,
        "type": 1
    },
    {
        "haveMenu": false,
        "name": "矿物标本图片——铝土矿",
        "pId": 5000341542,
        "id": 5000341588,
        "type": 1
    },
    {
        "haveMenu": false,
        "name": "矿物标本图片——明矾石",
        "pId": 5000341542,
        "id": 5000341589,
        "type": 1
    },
    {
        "haveMenu": false,
        "name": "矿物标本图片——硼镁矿",
        "pId": 5000341542,
        "id": 5000341590,
        "type": 1
    },
    {
        "haveMenu": false,
        "name": "矿物标本图片——硼砂矿",
        "pId": 5000341542,
        "id": 5000341591,
        "type": 1
    },
    {
        "haveMenu": false,
        "name": "矿物标本图片——硬水铝石",
        "pId": 5000341542,
        "id": 5000341592,
        "type": 1
    },
    {
        "haveMenu": false,
        "name": "教学课件",
        "pId": 5000341543,
        "id": 5000341627,
        "type": 1
    },
    {
        "haveMenu": false,
        "name": "书中插图",
        "pId": 5000341543,
        "id": 5000341628,
        "type": 1
    },
    {
        "haveMenu": false,
        "name": "MOOC视频",
        "pId": 5000341543,
        "id": 5000349514,
        "type": 1
    },
    {
        "haveMenu": false,
        "name": "矿物标本图片——白垩",
        "pId": 5000341543,
        "id": 5000341595,
        "type": 1
    },
    {
        "haveMenu": false,
        "name": "矿物标本图片——白云石",
        "pId": 5000341543,
        "id": 5000341596,
        "type": 1
    },
    {
        "haveMenu": false,
        "name": "矿物标本图片——大理石",
        "pId": 5000341543,
        "id": 5000341597,
        "type": 1
    },
    {
        "haveMenu": false,
        "name": "矿物标本图片——碲铅矿",
        "pId": 5000341543,
        "id": 5000341598,
        "type": 1
    },
    {
        "haveMenu": false,
        "name": "矿物标本图片——方解石",
        "pId": 5000341543,
        "id": 5000341599,
        "type": 1
    },
    {
        "haveMenu": false,
        "name": "矿物标本图片——方铅矿",
        "pId": 5000341543,
        "id": 5000341600,
        "type": 1
    },
    {
        "haveMenu": false,
        "name": "矿物标本图片——沸石",
        "pId": 5000341543,
        "id": 5000341601,
        "type": 1
    },
    {
        "haveMenu": false,
        "name": "矿物标本图片——刚玉",
        "pId": 5000341543,
        "id": 5000341602,
        "type": 1
    },
    {
        "haveMenu": false,
        "name": "矿物标本图片——高岭石",
        "pId": 5000341543,
        "id": 5000341603,
        "type": 1
    },
    {
        "haveMenu": false,
        "name": "矿物标本图片——铬铅矿",
        "pId": 5000341543,
        "id": 5000341604,
        "type": 1
    },
    {
        "haveMenu": false,
        "name": "矿物标本图片——硅灰石",
        "pId": 5000341543,
        "id": 5000341605,
        "type": 1
    },
    {
        "haveMenu": false,
        "name": "矿物标本图片——滑石",
        "pId": 5000341543,
        "id": 5000341606,
        "type": 1
    },
    {
        "haveMenu": false,
        "name": "矿物标本图片——金刚石",
        "pId": 5000341543,
        "id": 5000341607,
        "type": 1
    },
    {
        "haveMenu": false,
        "name": "矿物标本图片——密陀僧",
        "pId": 5000341543,
        "id": 5000341608,
        "type": 1
    },
    {
        "haveMenu": false,
        "name": "矿物标本图片——铅丹",
        "pId": 5000341543,
        "id": 5000341609,
        "type": 1
    },
    {
        "haveMenu": false,
        "name": "矿物标本图片——铅黄",
        "pId": 5000341543,
        "id": 5000341610,
        "type": 1
    },
    {
        "haveMenu": false,
        "name": "矿物标本图片——砷铅矿",
        "pId": 5000341543,
        "id": 5000341611,
        "type": 1
    },
    {
        "haveMenu": false,
        "name": "矿物标本图片——石灰石",
        "pId": 5000341543,
        "id": 5000341612,
        "type": 1
    },
    {
        "haveMenu": false,
        "name": "矿物标本图片——石榴石",
        "pId": 5000341543,
        "id": 5000341613,
        "type": 1
    },
    {
        "haveMenu": false,
        "name": "矿物标本图片——石棉",
        "pId": 5000341543,
        "id": 5000341614,
        "type": 1
    },
    {
        "haveMenu": false,
        "name": "矿物标本图片——石墨",
        "pId": 5000341543,
        "id": 5000341615,
        "type": 1
    },
    {
        "haveMenu": false,
        "name": "矿物标本图片——石英",
        "pId": 5000341543,
        "id": 5000341616,
        "type": 1
    },
    {
        "haveMenu": false,
        "name": "矿物标本图片——水晶",
        "pId": 5000341543,
        "id": 5000341617,
        "type": 1
    },
    {
        "haveMenu": false,
        "name": "矿物标本图片——透闪石",
        "pId": 5000341543,
        "id": 5000341618,
        "type": 1
    },
    {
        "haveMenu": false,
        "name": "矿物标本图片——文石",
        "pId": 5000341543,
        "id": 5000341619,
        "type": 1
    },
    {
        "haveMenu": false,
        "name": "矿物标本图片——硒铅矿",
        "pId": 5000341543,
        "id": 5000341620,
        "type": 1
    },
    {
        "haveMenu": false,
        "name": "矿物标本图片——硒铜矿",
        "pId": 5000341543,
        "id": 5000341621,
        "type": 1
    },
    {
        "haveMenu": false,
        "name": "矿物标本图片——锡石",
        "pId": 5000341543,
        "id": 5000341622,
        "type": 1
    },
    {
        "haveMenu": false,
        "name": "矿物标本图片——榍石",
        "pId": 5000341543,
        "id": 5000341623,
        "type": 1
    },
    {
        "haveMenu": false,
        "name": "矿物标本图片——云母",
        "pId": 5000341543,
        "id": 5000341624,
        "type": 1
    },
    {
        "haveMenu": false,
        "name": "矿物标本图片——长石",
        "pId": 5000341543,
        "id": 5000341625,
        "type": 1
    },
    {
        "haveMenu": false,
        "name": "矿物标本图片——锗石",
        "pId": 5000341543,
        "id": 5000341626,
        "type": 1
    },
    {
        "haveMenu": false,
        "name": "教学课件",
        "pId": 5000341544,
        "id": 5000341640,
        "type": 1
    },
    {
        "haveMenu": false,
        "name": "书中插图",
        "pId": 5000341544,
        "id": 5000341642,
        "type": 1
    },
    {
        "haveMenu": false,
        "name": "MOOC视频",
        "pId": 5000341544,
        "id": 5000349515,
        "type": 1
    },
    {
        "haveMenu": false,
        "name": "矿物标本图片——铋华",
        "pId": 5000341544,
        "id": 5000341629,
        "type": 1
    },
    {
        "haveMenu": false,
        "name": "矿物标本图片——雌黄",
        "pId": 5000341544,
        "id": 5000341630,
        "type": 1
    },
    {
        "haveMenu": false,
        "name": "矿物标本图片——方锑矿",
        "pId": 5000341544,
        "id": 5000341631,
        "type": 1
    },
    {
        "haveMenu": false,
        "name": "矿物标本图片——辉铋矿",
        "pId": 5000341544,
        "id": 5000341632,
        "type": 1
    },
    {
        "haveMenu": false,
        "name": "矿物标本图片——辉锑矿",
        "pId": 5000341544,
        "id": 5000341633,
        "type": 1
    },
    {
        "haveMenu": false,
        "name": "矿物标本图片——磷灰石",
        "pId": 5000341544,
        "id": 5000341634,
        "type": 1
    },
    {
        "haveMenu": false,
        "name": "矿物标本图片——砷华",
        "pId": 5000341544,
        "id": 5000341635,
        "type": 1
    },
    {
        "haveMenu": false,
        "name": "矿物标本图片——砷黄铁矿",
        "pId": 5000341544,
        "id": 5000341636,
        "type": 1
    },
    {
        "haveMenu": false,
        "name": "矿物标本图片——砷铅矿",
        "pId": 5000341544,
        "id": 5000341637,
        "type": 1
    },
    {
        "haveMenu": false,
        "name": "矿物标本图片——雄黄",
        "pId": 5000341544,
        "id": 5000341638,
        "type": 1
    },
    {
        "haveMenu": false,
        "name": "矿物标本图片——智利硝石",
        "pId": 5000341544,
        "id": 5000341639,
        "type": 1
    },
    {
        "haveMenu": false,
        "name": "教学课件",
        "pId": 5000341545,
        "id": 5000341659,
        "type": 1
    },
    {
        "haveMenu": false,
        "name": "书中插图",
        "pId": 5000341545,
        "id": 5000341660,
        "type": 1
    },
    {
        "haveMenu": false,
        "name": "MOOC视频",
        "pId": 5000341545,
        "id": 5000349516,
        "type": 1
    },
    {
        "haveMenu": false,
        "name": "矿物标本图片——碲汞矿",
        "pId": 5000341545,
        "id": 5000341643,
        "type": 1
    },
    {
        "haveMenu": false,
        "name": "矿物标本图片——碲金矿",
        "pId": 5000341545,
        "id": 5000341644,
        "type": 1
    },
    {
        "haveMenu": false,
        "name": "矿物标本图片——碲铅矿",
        "pId": 5000341545,
        "id": 5000341645,
        "type": 1
    },
    {
        "haveMenu": false,
        "name": "矿物标本图片——碲铁钒矿",
        "pId": 5000341545,
        "id": 5000341646,
        "type": 1
    },
    {
        "haveMenu": false,
        "name": "矿物标本图片——碲铜矿",
        "pId": 5000341545,
        "id": 5000341647,
        "type": 1
    },
    {
        "haveMenu": false,
        "name": "矿物标本图片——碲银矿",
        "pId": 5000341545,
        "id": 5000341648,
        "type": 1
    },
    {
        "haveMenu": false,
        "name": "矿物标本图片——碲铀矿",
        "pId": 5000341545,
        "id": 5000341649,
        "type": 1
    },
    {
        "haveMenu": false,
        "name": "矿物标本图片——方铅矿",
        "pId": 5000341545,
        "id": 5000341650,
        "type": 1
    },
    {
        "haveMenu": false,
        "name": "矿物标本图片——黄碲矿",
        "pId": 5000341545,
        "id": 5000341651,
        "type": 1
    },
    {
        "haveMenu": false,
        "name": "矿物标本图片——黄铁矿",
        "pId": 5000341545,
        "id": 5000341652,
        "type": 1
    },
    {
        "haveMenu": false,
        "name": "矿物标本图片——硫",
        "pId": 5000341545,
        "id": 5000341653,
        "type": 1
    },
    {
        "haveMenu": false,
        "name": "矿物标本图片——芒硝",
        "pId": 5000341545,
        "id": 5000341654,
        "type": 1
    },
    {
        "haveMenu": false,
        "name": "矿物标本图片——闪锌矿",
        "pId": 5000341545,
        "id": 5000341655,
        "type": 1
    },
    {
        "haveMenu": false,
        "name": "矿物标本图片——石膏",
        "pId": 5000341545,
        "id": 5000341656,
        "type": 1
    },
    {
        "haveMenu": false,
        "name": "矿物标本图片——天青石",
        "pId": 5000341545,
        "id": 5000341657,
        "type": 1
    },
    {
        "haveMenu": false,
        "name": "矿物标本图片——重晶石",
        "pId": 5000341545,
        "id": 5000341658,
        "type": 1
    },
    {
        "haveMenu": false,
        "name": "教学课件",
        "pId": 5000341546,
        "id": 5000341667,
        "type": 1
    },
    {
        "haveMenu": false,
        "name": "书中插图",
        "pId": 5000341546,
        "id": 5000341668,
        "type": 1
    },
    {
        "haveMenu": false,
        "name": "MOOC视频",
        "pId": 5000341546,
        "id": 5000349517,
        "type": 1
    },
    {
        "haveMenu": false,
        "name": "矿物标本图片——冰晶石",
        "pId": 5000341546,
        "id": 5000341661,
        "type": 1
    },
    {
        "haveMenu": false,
        "name": "矿物标本图片——氟磷灰石",
        "pId": 5000341546,
        "id": 5000341662,
        "type": 1
    },
    {
        "haveMenu": false,
        "name": "矿物标本图片——光卤石",
        "pId": 5000341546,
        "id": 5000341663,
        "type": 1
    },
    {
        "haveMenu": false,
        "name": "矿物标本图片——石盐",
        "pId": 5000341546,
        "id": 5000341664,
        "type": 1
    },
    {
        "haveMenu": false,
        "name": "矿物标本图片——萤石",
        "pId": 5000341546,
        "id": 5000341665,
        "type": 1
    },
    {
        "haveMenu": false,
        "name": "矿物标本图片——智利硝石",
        "pId": 5000341546,
        "id": 5000341666,
        "type": 1
    },
    {
        "haveMenu": false,
        "name": "教学课件",
        "pId": 5000341547,
        "id": 5000341669,
        "type": 1
    },
    {
        "haveMenu": false,
        "name": "书中插图",
        "pId": 5000341547,
        "id": 5000341670,
        "type": 1
    },
    {
        "haveMenu": false,
        "name": "MOOC视频",
        "pId": 5000341547,
        "id": 5000349518,
        "type": 5
    },
    {
        "haveMenu": false,
        "name": "教学课件",
        "pId": 5000341548,
        "id": 5000341685,
        "type": 1
    },
    {
        "haveMenu": false,
        "name": "书中插图",
        "pId": 5000341548,
        "id": 5000341686,
        "type": 1
    },
    {
        "haveMenu": false,
        "name": "MOOC视频",
        "pId": 5000341548,
        "id": 5000349519,
        "type": 1
    },
    {
        "haveMenu": false,
        "name": "矿物标本图片——辰砂",
        "pId": 5000341548,
        "id": 5000341671,
        "type": 1
    },
    {
        "haveMenu": false,
        "name": "矿物标本图片——单质金",
        "pId": 5000341548,
        "id": 5000341672,
        "type": 1
    },
    {
        "haveMenu": false,
        "name": "矿物标本图片——单质铜",
        "pId": 5000341548,
        "id": 5000341673,
        "type": 1
    },
    {
        "haveMenu": false,
        "name": "矿物标本图片——胆矾",
        "pId": 5000341548,
        "id": 5000341674,
        "type": 1
    },
    {
        "haveMenu": false,
        "name": "矿物标本图片——碲铜矿",
        "pId": 5000341548,
        "id": 5000341675,
        "type": 1
    },
    {
        "haveMenu": false,
        "name": "矿物标本图片——黄铜矿",
        "pId": 5000341548,
        "id": 5000341676,
        "type": 1
    },
    {
        "haveMenu": false,
        "name": "矿物标本图片——辉铜矿",
        "pId": 5000341548,
        "id": 5000341677,
        "type": 1
    },
    {
        "haveMenu": false,
        "name": "矿物标本图片——硫砷铜矿",
        "pId": 5000341548,
        "id": 5000341678,
        "type": 1
    },
    {
        "haveMenu": false,
        "name": "矿物标本图片——闪锌矿",
        "pId": 5000341548,
        "id": 5000341679,
        "type": 1
    },
    {
        "haveMenu": false,
        "name": "矿物标本图片——单质银",
        "pId": 5000341548,
        "id": 5000341680,
        "type": 1
    },
    {
        "haveMenu": false,
        "name": "矿物标本图片——辉银矿",
        "pId": 5000341548,
        "id": 5000341681,
        "type": 1
    },
    {
        "haveMenu": false,
        "name": "矿物标本图片——角银矿",
        "pId": 5000341548,
        "id": 5000341682,
        "type": 1
    },
    {
        "haveMenu": false,
        "name": "矿物标本图片——硒银矿",
        "pId": 5000341548,
        "id": 5000341683,
        "type": 1
    },
    {
        "haveMenu": false,
        "name": "矿物标本图片——溴角银矿",
        "pId": 5000341548,
        "id": 5000341684,
        "type": 1
    },
    {
        "haveMenu": false,
        "name": "教学课件",
        "pId": 5000341549,
        "id": 5000341695,
        "type": 1
    },
    {
        "haveMenu": false,
        "name": "MOOC视频",
        "pId": 5000341549,
        "id": 5000349520,
        "type": 1
    },
    {
        "haveMenu": false,
        "name": "矿物标本图片——钒铅矿",
        "pId": 5000341549,
        "id": 5000341687,
        "type": 1
    },
    {
        "haveMenu": false,
        "name": "矿物标本图片——绿硫钒矿",
        "pId": 5000341549,
        "id": 5000341688,
        "type": 1
    },
    {
        "haveMenu": false,
        "name": "矿物标本图片——锆石（锆英石）",
        "pId": 5000341549,
        "id": 5000341689,
        "type": 1
    },
    {
        "haveMenu": false,
        "name": "矿物标本图片——金红石",
        "pId": 5000341549,
        "id": 5000341690,
        "type": 1
    },
    {
        "haveMenu": false,
        "name": "矿物标本图片——铌钽铁矿",
        "pId": 5000341549,
        "id": 5000341691,
        "type": 1
    },
    {
        "haveMenu": false,
        "name": "矿物标本图片——铌铁矿",
        "pId": 5000341549,
        "id": 5000341692,
        "type": 1
    },
    {
        "haveMenu": false,
        "name": "矿物标本图片——钽铁矿",
        "pId": 5000341549,
        "id": 5000341693,
        "type": 1
    },
    {
        "haveMenu": false,
        "name": "矿物标本图片——锡铁坦矿",
        "pId": 5000341549,
        "id": 5000341694,
        "type": 1
    },
    {
        "haveMenu": false,
        "name": "教学课件",
        "pId": 5000341550,
        "id": 5000341707,
        "type": 1
    },
    {
        "haveMenu": false,
        "name": "书中插图",
        "pId": 5000341550,
        "id": 5000341708,
        "type": 1
    },
    {
        "haveMenu": false,
        "name": "MOOC视频",
        "pId": 5000341550,
        "id": 5000349521,
        "type": 1
    },
    {
        "haveMenu": false,
        "name": "矿物标本图片——铬铅矿",
        "pId": 5000341550,
        "id": 5000341696,
        "type": 1
    },
    {
        "haveMenu": false,
        "name": "矿物标本图片——铬铁矿",
        "pId": 5000341550,
        "id": 5000341697,
        "type": 1
    },
    {
        "haveMenu": false,
        "name": "矿物标本图片——方锰矿",
        "pId": 5000341550,
        "id": 5000341698,
        "type": 1
    },
    {
        "haveMenu": false,
        "name": "矿物标本图片——黑锰矿",
        "pId": 5000341550,
        "id": 5000341699,
        "type": 1
    },
    {
        "haveMenu": false,
        "name": "矿物标本图片——菱锰矿",
        "pId": 5000341550,
        "id": 5000341700,
        "type": 1
    },
    {
        "haveMenu": false,
        "name": "矿物标本图片——软锰矿",
        "pId": 5000341550,
        "id": 5000341701,
        "type": 1
    },
    {
        "haveMenu": false,
        "name": "矿物标本图片——硬锰矿",
        "pId": 5000341550,
        "id": 5000341702,
        "type": 1
    },
    {
        "haveMenu": false,
        "name": "矿物标本图片——辉钼矿",
        "pId": 5000341550,
        "id": 5000341703,
        "type": 1
    },
    {
        "haveMenu": false,
        "name": "矿物标本图片——钼华",
        "pId": 5000341550,
        "id": 5000341704,
        "type": 1
    },
    {
        "haveMenu": false,
        "name": "矿物标本图片——白钨矿",
        "pId": 5000341550,
        "id": 5000341705,
        "type": 1
    },
    {
        "haveMenu": false,
        "name": "矿物标本图片——黑钨矿",
        "pId": 5000341550,
        "id": 5000341706,
        "type": 1
    },
    {
        "haveMenu": false,
        "name": "教学课件",
        "pId": 5000341551,
        "id": 5000341735,
        "type": 1
    },
    {
        "haveMenu": false,
        "name": "书中插图",
        "pId": 5000341551,
        "id": 5000341736,
        "type": 1
    },
    {
        "haveMenu": false,
        "name": "MOOC视频",
        "pId": 5000341551,
        "id": 5000349522,
        "type": 1
    },
    {
        "haveMenu": false,
        "name": "矿物标本图片——方钴矿",
        "pId": 5000341551,
        "id": 5000341709,
        "type": 1
    },
    {
        "haveMenu": false,
        "name": "矿物标本图片——钴华",
        "pId": 5000341551,
        "id": 5000341710,
        "type": 1
    },
    {
        "haveMenu": false,
        "name": "矿物标本图片——辉钴矿",
        "pId": 5000341551,
        "id": 5000341711,
        "type": 1
    },
    {
        "haveMenu": false,
        "name": "矿物标本图片——辉砷钴矿",
        "pId": 5000341551,
        "id": 5000341712,
        "type": 1
    },
    {
        "haveMenu": false,
        "name": "矿物标本图片——硫钴矿",
        "pId": 5000341551,
        "id": 5000341713,
        "type": 1
    },
    {
        "haveMenu": false,
        "name": "矿物标本图片——硫镍钴矿",
        "pId": 5000341551,
        "id": 5000341714,
        "type": 1
    },
    {
        "haveMenu": false,
        "name": "矿物标本图片——砷钴矿",
        "pId": 5000341551,
        "id": 5000341715,
        "type": 1
    },
    {
        "haveMenu": false,
        "name": "矿物标本图片——水钴矿",
        "pId": 5000341551,
        "id": 5000341716,
        "type": 1
    },
    {
        "haveMenu": false,
        "name": "矿物标本图片——铁硫砷钴矿",
        "pId": 5000341551,
        "id": 5000341717,
        "type": 1
    },
    {
        "haveMenu": false,
        "name": "矿物标本图片——硅镁镍矿",
        "pId": 5000341551,
        "id": 5000341718,
        "type": 1
    },
    {
        "haveMenu": false,
        "name": "矿物标本图片——红砷镍矿",
        "pId": 5000341551,
        "id": 5000341719,
        "type": 1
    },
    {
        "haveMenu": false,
        "name": "矿物标本图片——硫镍矿",
        "pId": 5000341551,
        "id": 5000341720,
        "type": 1
    },
    {
        "haveMenu": false,
        "name": "矿物标本图片——镍华",
        "pId": 5000341551,
        "id": 5000341721,
        "type": 1
    },
    {
        "haveMenu": false,
        "name": "矿物标本图片——紫硫镍矿",
        "pId": 5000341551,
        "id": 5000341722,
        "type": 1
    },
    {
        "haveMenu": false,
        "name": "矿物标本图片——赤铁矿",
        "pId": 5000341551,
        "id": 5000341723,
        "type": 1
    },
    {
        "haveMenu": false,
        "name": "矿物标本图片——磁铁矿",
        "pId": 5000341551,
        "id": 5000341724,
        "type": 1
    },
    {
        "haveMenu": false,
        "name": "矿物标本图片——铬铁矿",
        "pId": 5000341551,
        "id": 5000341725,
        "type": 1
    },
    {
        "haveMenu": false,
        "name": "矿物标本图片——褐铁矿",
        "pId": 5000341551,
        "id": 5000341726,
        "type": 1
    },
    {
        "haveMenu": false,
        "name": "矿物标本图片——孔雀石",
        "pId": 5000341551,
        "id": 5000341727,
        "type": 1
    },
    {
        "haveMenu": false,
        "name": "矿物标本图片——菱铁矿",
        "pId": 5000341551,
        "id": 5000341728,
        "type": 1
    },
    {
        "haveMenu": false,
        "name": "矿物标本图片——铌钽铁矿",
        "pId": 5000341551,
        "id": 5000341729,
        "type": 1
    },
    {
        "haveMenu": false,
        "name": "矿物标本图片——铌铁矿",
        "pId": 5000341551,
        "id": 5000341730,
        "type": 1
    },
    {
        "haveMenu": false,
        "name": "矿物标本图片——镍黄铁矿",
        "pId": 5000341551,
        "id": 5000341731,
        "type": 1
    },
    {
        "haveMenu": false,
        "name": "矿物标本图片——钛铁矿",
        "pId": 5000341551,
        "id": 5000341732,
        "type": 1
    },
    {
        "haveMenu": false,
        "name": "矿物标本图片——钽铁矿",
        "pId": 5000341551,
        "id": 5000341733,
        "type": 1
    },
    {
        "haveMenu": false,
        "name": "矿物标本图片——赭石",
        "pId": 5000341551,
        "id": 5000341734,
        "type": 1
    },
    {
        "haveMenu": false,
        "name": "教学课件",
        "pId": 5000341552,
        "id": 5000341741,
        "type": 1
    },
    {
        "haveMenu": false,
        "name": "书中插图",
        "pId": 5000341552,
        "id": 5000341742,
        "type": 1
    },
    {
        "haveMenu": false,
        "name": "MOOC视频",
        "pId": 5000341552,
        "id": 5000349523,
        "type": 1
    },
    {
        "haveMenu": false,
        "name": "矿物标本图片——独居石",
        "pId": 5000341552,
        "id": 5000341737,
        "type": 1
    },
    {
        "haveMenu": false,
        "name": "矿物标本图片——方钍石",
        "pId": 5000341552,
        "id": 5000341738,
        "type": 1
    },
    {
        "haveMenu": false,
        "name": "矿物标本图片——铁钍石",
        "pId": 5000341552,
        "id": 5000341739,
        "type": 1
    },
    {
        "haveMenu": false,
        "name": "矿物标本图片——钍石",
        "pId": 5000341552,
        "id": 5000341740,
        "type": 1
    },
    {
        "haveMenu": false,
        "name": "教学课件",
        "pId": 5000341553,
        "id": 5000341743,
        "type": 1
    },
    {
        "haveMenu": false,
        "name": "书中插图",
        "pId": 5000341553,
        "id": 5000341744,
        "type": 1
    }
]