[
    {
        "haveMenu": false,
        "name": "各章内容摘要",
        "pId": 0,
        "id": 5000262363,
        "type": 1
    },
    {
        "haveMenu": false,
        "name": "细胞生物学名词解释",
        "pId": 0,
        "id": 5000262364,
        "type": 1
    },
    {
        "haveMenu": false,
        "name": "诺贝尔奖获奖项目简介  ",
        "pId": 0,
        "id": 5000262365,
        "type": 1
    },
    {
        "haveMenu": false,
        "name": "图库",
        "pId": 0,
        "id": 5000262366,
        "type": 1
    }
]