[
    {
        "haveMenu": false,
        "name": "模块一  知识窗",
        "pId": 0,
        "id": 5000376337,
        "type": 1
    },
    {
        "haveMenu": false,
        "name": "模块二  教学课件",
        "pId": 0,
        "id": 5000376338,
        "type": 1
    },
    {
        "haveMenu": false,
        "name": "模块三  自测题",
        "pId": 0,
        "id": 5000376339,
        "type": 3
    },
    {
        "haveMenu": false,
        "name": "模块四  名词解释",
        "pId": 0,
        "id": 5000376340,
        "type": 1
    },
    {
        "haveMenu": false,
        "name": "模块五  诺贝尔奖获奖项目简介",
        "pId": 0,
        "id": 5000376353,
        "type": 1
    }
]