[
    {
        "haveMenu": false,
        "name": "课程介绍",
        "pId": 0,
        "id": 5000360653,
        "type": 4
    },
    {
        "haveMenu": false,
        "name": "电子教案",
        "pId": 0,
        "id": 5000360654,
        "type": 5
    },
    {
        "haveMenu": false,
        "name": "重难点习题讲解",
        "pId": 0,
        "id": 5000360655,
        "type": 5
    },
    {
        "haveMenu": false,
        "name": "拓展知识",
        "pId": 0,
        "id": 5000360656,
        "type": 5
    },
    {
        "haveMenu": false,
        "name": "绪论、第一章",
        "pId": 5000360654,
        "id": 5000360661,
        "type": 1
    },
    {
        "haveMenu": false,
        "name": "第二章",
        "pId": 5000360654,
        "id": 5000360662,
        "type": 1
    },
    {
        "haveMenu": false,
        "name": "第三章",
        "pId": 5000360654,
        "id": 5000360663,
        "type": 1
    },
    {
        "haveMenu": false,
        "name": "第四章",
        "pId": 5000360654,
        "id": 5000360664,
        "type": 1
    },
    {
        "haveMenu": false,
        "name": "第五章",
        "pId": 5000360654,
        "id": 5000360665,
        "type": 1
    },
    {
        "haveMenu": false,
        "name": "第六章",
        "pId": 5000360654,
        "id": 5000360666,
        "type": 1
    },
    {
        "haveMenu": false,
        "name": "第七章",
        "pId": 5000360654,
        "id": 5000360667,
        "type": 1
    },
    {
        "haveMenu": false,
        "name": "第八章",
        "pId": 5000360654,
        "id": 5000360668,
        "type": 1
    },
    {
        "haveMenu": false,
        "name": "第九章",
        "pId": 5000360654,
        "id": 5000360669,
        "type": 1
    },
    {
        "haveMenu": false,
        "name": "1. 化学热力学",
        "pId": 5000360655,
        "id": 5000360670,
        "type": 5
    },
    {
        "haveMenu": false,
        "name": "2. 电化学",
        "pId": 5000360655,
        "id": 5000360672,
        "type": 5
    },
    {
        "haveMenu": false,
        "name": "3. 化学动力学",
        "pId": 5000360655,
        "id": 5000360674,
        "type": 5
    },
    {
        "haveMenu": false,
        "name": "4. 配位化学",
        "pId": 5000360655,
        "id": 5000360676,
        "type": 5
    },
    {
        "haveMenu": false,
        "name": "5. 其他",
        "pId": 5000360655,
        "id": 5000360729,
        "type": 5
    },
    {
        "haveMenu": false,
        "name": "1.手性药物",
        "pId": 5000360656,
        "id": 5000360657,
        "type": 1
    },
    {
        "haveMenu": false,
        "name": "2.拆分原理",
        "pId": 5000360656,
        "id": 5000360658,
        "type": 1
    },
    {
        "haveMenu": false,
        "name": "3.扁桃酸",
        "pId": 5000360656,
        "id": 5000360659,
        "type": 1
    },
    {
        "haveMenu": false,
        "name": "试题1",
        "pId": 5000360670,
        "id": 5000360671,
        "type": 1
    },
    {
        "haveMenu": false,
        "name": "试题2",
        "pId": 5000360670,
        "id": 5000360678,
        "type": 1
    },
    {
        "haveMenu": false,
        "name": "试题3",
        "pId": 5000360670,
        "id": 5000360680,
        "type": 1
    },
    {
        "haveMenu": false,
        "name": "试题4",
        "pId": 5000360670,
        "id": 5000360681,
        "type": 1
    },
    {
        "haveMenu": false,
        "name": "试题5",
        "pId": 5000360670,
        "id": 5000360691,
        "type": 1
    },
    {
        "haveMenu": false,
        "name": "试题6",
        "pId": 5000360670,
        "id": 5000360692,
        "type": 1
    },
    {
        "haveMenu": false,
        "name": "试题7",
        "pId": 5000360670,
        "id": 5000360693,
        "type": 1
    },
    {
        "haveMenu": false,
        "name": "试题8",
        "pId": 5000360670,
        "id": 5000360694,
        "type": 1
    },
    {
        "haveMenu": false,
        "name": "试题9",
        "pId": 5000360670,
        "id": 5000360695,
        "type": 1
    },
    {
        "haveMenu": false,
        "name": "试题10",
        "pId": 5000360670,
        "id": 5000360696,
        "type": 1
    },
    {
        "haveMenu": false,
        "name": "试题11",
        "pId": 5000360670,
        "id": 5000360697,
        "type": 1
    },
    {
        "haveMenu": false,
        "name": "试题12",
        "pId": 5000360670,
        "id": 5000360698,
        "type": 1
    },
    {
        "haveMenu": false,
        "name": "试题13",
        "pId": 5000360670,
        "id": 5000360699,
        "type": 1
    },
    {
        "haveMenu": false,
        "name": "试题14",
        "pId": 5000360670,
        "id": 5000360700,
        "type": 1
    },
    {
        "haveMenu": false,
        "name": "试题15",
        "pId": 5000360670,
        "id": 5000360701,
        "type": 1
    },
    {
        "haveMenu": false,
        "name": "试题16",
        "pId": 5000360670,
        "id": 5000360702,
        "type": 1
    },
    {
        "haveMenu": false,
        "name": "试题17",
        "pId": 5000360670,
        "id": 5000360703,
        "type": 1
    },
    {
        "haveMenu": false,
        "name": "试题18",
        "pId": 5000360670,
        "id": 5000360704,
        "type": 1
    },
    {
        "haveMenu": false,
        "name": "试题19",
        "pId": 5000360670,
        "id": 5000360705,
        "type": 1
    },
    {
        "haveMenu": false,
        "name": "试题20",
        "pId": 5000360670,
        "id": 5000360706,
        "type": 1
    },
    {
        "haveMenu": false,
        "name": "试题21",
        "pId": 5000360670,
        "id": 5000360707,
        "type": 1
    },
    {
        "haveMenu": false,
        "name": "试题22",
        "pId": 5000360670,
        "id": 5000360708,
        "type": 1
    },
    {
        "haveMenu": false,
        "name": "试题46",
        "pId": 5000360670,
        "id": 5000360731,
        "type": 1
    },
    {
        "haveMenu": false,
        "name": "试题48",
        "pId": 5000360670,
        "id": 5000360733,
        "type": 1
    },
    {
        "haveMenu": false,
        "name": "试题23",
        "pId": 5000360672,
        "id": 5000360673,
        "type": 1
    },
    {
        "haveMenu": false,
        "name": "试题24",
        "pId": 5000360672,
        "id": 5000360709,
        "type": 1
    },
    {
        "haveMenu": false,
        "name": "试题25",
        "pId": 5000360672,
        "id": 5000360710,
        "type": 1
    },
    {
        "haveMenu": false,
        "name": "试题26",
        "pId": 5000360672,
        "id": 5000360711,
        "type": 1
    },
    {
        "haveMenu": false,
        "name": "试题27",
        "pId": 5000360672,
        "id": 5000360712,
        "type": 1
    },
    {
        "haveMenu": false,
        "name": "试题28",
        "pId": 5000360672,
        "id": 5000360713,
        "type": 1
    },
    {
        "haveMenu": false,
        "name": "试题29",
        "pId": 5000360672,
        "id": 5000360714,
        "type": 1
    },
    {
        "haveMenu": false,
        "name": "试题30",
        "pId": 5000360672,
        "id": 5000360715,
        "type": 1
    },
    {
        "haveMenu": false,
        "name": "试题31",
        "pId": 5000360672,
        "id": 5000360716,
        "type": 1
    },
    {
        "haveMenu": false,
        "name": "试题32",
        "pId": 5000360672,
        "id": 5000360717,
        "type": 1
    },
    {
        "haveMenu": false,
        "name": "试题49",
        "pId": 5000360672,
        "id": 5000360734,
        "type": 1
    },
    {
        "haveMenu": false,
        "name": "试题33",
        "pId": 5000360674,
        "id": 5000360675,
        "type": 1
    },
    {
        "haveMenu": false,
        "name": "试题34",
        "pId": 5000360674,
        "id": 5000360718,
        "type": 1
    },
    {
        "haveMenu": false,
        "name": "试题35",
        "pId": 5000360674,
        "id": 5000360719,
        "type": 1
    },
    {
        "haveMenu": false,
        "name": "试题36",
        "pId": 5000360674,
        "id": 5000360720,
        "type": 1
    },
    {
        "haveMenu": false,
        "name": "试题37",
        "pId": 5000360674,
        "id": 5000360721,
        "type": 1
    },
    {
        "haveMenu": false,
        "name": "试题38",
        "pId": 5000360674,
        "id": 5000360722,
        "type": 1
    },
    {
        "haveMenu": false,
        "name": "试题39",
        "pId": 5000360674,
        "id": 5000360723,
        "type": 1
    },
    {
        "haveMenu": false,
        "name": "试题40",
        "pId": 5000360674,
        "id": 5000360724,
        "type": 1
    },
    {
        "haveMenu": false,
        "name": "试题41",
        "pId": 5000360676,
        "id": 5000360677,
        "type": 1
    },
    {
        "haveMenu": false,
        "name": "试题42",
        "pId": 5000360676,
        "id": 5000360725,
        "type": 1
    },
    {
        "haveMenu": false,
        "name": "试题43",
        "pId": 5000360676,
        "id": 5000360726,
        "type": 1
    },
    {
        "haveMenu": false,
        "name": "试题44",
        "pId": 5000360676,
        "id": 5000360727,
        "type": 1
    },
    {
        "haveMenu": false,
        "name": "试题45",
        "pId": 5000360729,
        "id": 5000360730,
        "type": 1
    },
    {
        "haveMenu": false,
        "name": "试题47",
        "pId": 5000360729,
        "id": 5000360732,
        "type": 1
    },
    {
        "haveMenu": false,
        "name": "试题50",
        "pId": 5000360729,
        "id": 5000360735,
        "type": 1
    }
]