[
    {
        "myMobileCourseList": [
            {
                "appPicUrl": "/courseImg/1490235058155.jpg",
                "indexPicUrl": "/MaterialsLibCovers/RbsaezDWSH.jpg",
                "isEndCourseDate": null,
                "beginCourseDate": "2020-11-11 09:50:52.0",
                "picUrl1": "/MaterialsLibCovers/RbsaezDWSH.jpg",
                "courseTitle": "细胞生物学",
                "trueName": "Sam0230",
                "picUrl": "/MaterialsLibCovers/RbsaezDWSH.jpg",
                "descAttach": "<font style='font-size:17px;color:#2977A8;'>课程简介</font><br><p>为突出纸质教材的教学主线，方便读者查询相关名词，并使教材更为精炼适用，《细胞生物学》（第 4 版） 特设数 字课程资源 ，主要内容包括书中各章的内容摘要、细胞生物学重要名词解释以及 1901 &mdash; 2008 年诺贝尔生理学或医学奖获奖项目及获奖人员简介。本资源是对纸质教材的有力补充和拓展，供有兴趣的学生和教师教学参考。</p><HR style='FILTER: alpha(opacity=100,finishopacity=0,style=3)' width='100%' color=#DBDBDB SIZE=1><font style='font-size:17px;color:#2977A8;'>版权信息</font><br><p>作品名称：《细胞生物学》（第4版）数字课程</p><p>出版时间： 2011年6月</p><p>出 版 社：高等教育出版社 高等教育电子音像出版社</p><p>策划编辑：王莉</p><p>技术编辑：赵莉</p><p>本网站资源的专有出版权归高等教育出版社所有，未经出版者预先书面许可，任何单位和个人不得为任何目的、以任何形式或手段复制和传播本课件的任何部分，出版者保留一切法律追究的权利。</p><HR style='FILTER: alpha(opacity=100,finishopacity=0,style=3)' width='100%' color=#DBDBDB SIZE=1><font style='font-size:17px;color:#2977A8;'>联系方式</font><br><p>内容编辑： 孟丽 王莉</p><p>电话：010－58586394，010－58581438</p><p>E-mail：mengli@hep.com.cn，lilywang@hep.com.cn</p><p>技术咨询： 赵莉</p><p>电话：010-58581431</p><p>E-mail：abook@hep.com.cn</p>",
                "loginName": "Sam0230",
                "courseInfoId": 5000002450,
                "endCourseDate": "",
                "applyDateTime": "2020-11-11 09:50:52.0",
                "coursePrincipalName": ""
            },
            {
                "appPicUrl": "/courseImg/158800412304215880041295831588004129583.jpg",
                "indexPicUrl": "/MaterialsLibCovers/wKPG2zWsTY.jpg",
                "isEndCourseDate": null,
                "beginCourseDate": "2020-11-11 09:48:12.0",
                "picUrl1": "/MaterialsLibCovers/wKPG2zWsTY.jpg",
                "courseTitle": "细胞生物学（第5版）",
                "trueName": "Sam0230",
                "picUrl": "/MaterialsLibCovers/wKPG2zWsTY.jpg",
                "descAttach": "<font style='font-size:17px;color:#2977A8;'>课程简介</font><br><p>本数字课程资源主要包括书中各章的知识窗、教学课件、自测题、细胞生物学重要名词解释以及1901&mdash;2019年与细胞生物学有关的诺贝尔奖获奖项目及获奖人员简介。本资源是对纸质教材的有力补充和拓展，供有兴趣的学生和教师参考。</p><HR style='FILTER: alpha(opacity=100,finishopacity=0,style=3)' width='100%' color=#DBDBDB SIZE=1><font style='font-size:17px;color:#2977A8;'>版权信息</font><br><p>作品名称：细胞生物学（第5版）数字课程</p><p>出版时间：2020年5月</p><p>出版：高等教育出版社&nbsp; 高等教育电子音像出版社</p><p>内容提供者：丁明孝等</p><p>策划编辑：王莉</p><p>技术编辑：李翠玲</p><p>本网站资源的专有出版权归高等教育出版社所有，未经出版者预先书面许可，任何单位和个人不得为任何目的、以任何形式或手段复制和传播本课件的任何部分，出版者保留一切法律追究的权利。</p><HR style='FILTER: alpha(opacity=100,finishopacity=0,style=3)' width='100%' color=#DBDBDB SIZE=1><font style='font-size:17px;color:#2977A8;'>联系方式</font><br><p>内容编辑：张磊</p><p>电话：010-58582152</p><p>E-mail：zhanglei1@hep.com.cn</p><p>技术咨询：李翠玲</p><p>电话：010-58556656</p><p>E-mail：abook@hep.com.cn</p>",
                "loginName": "Sam0230",
                "courseInfoId": 5000003829,
                "endCourseDate": "",
                "applyDateTime": "2020-11-11 09:48:12.0",
                "coursePrincipalName": ""
            },
            {
                "appPicUrl": "/courseImg/154399086805415439908716421543990871642.png",
                "indexPicUrl": "/MaterialsLibCovers/yf8Yw2pysr.jpg",
                "isEndCourseDate": null,
                "beginCourseDate": "2020-11-08 20:34:06.0",
                "picUrl1": "/MaterialsLibCovers/yf8Yw2pysr.jpg",
                "courseTitle": "有机化学（第六版）",
                "trueName": "Sam0230",
                "picUrl": "/MaterialsLibCovers/yf8Yw2pysr.jpg",
                "descAttach": "<font style='font-size:17px;color:#2977A8;'>课程简介</font><br><p>本数字课程展示了《有机化学》（第六版）纸质教材的配套资源，是利用数字化技术整合优质教学资源的出版形式，可扩展纸质教材内容，为读者提供有机化学反应机理、有机化合物光波谱图和电子课件等教学资源，供读者学习。</p><HR style='FILTER: alpha(opacity=100,finishopacity=0,style=3)' width='100%' color=#DBDBDB SIZE=1><font style='font-size:17px;color:#2977A8;'>联系方式</font><br><p>内容编辑：曹瑛</p><p>电话：010-58556055</p><p>e-mail：caoying2@hep.com.cn</p><p>技术咨询：李翠玲</p><p>电话：010-58556656</p><p>e-mail：abook@hep.com.cn</p>",
                "loginName": "Sam0230",
                "courseInfoId": 5000003017,
                "endCourseDate": "",
                "applyDateTime": "2020-11-08 20:34:06.0",
                "coursePrincipalName": ""
            },
            {
                "appPicUrl": "/courseImg/156092696055315609269636131560926963613.jpg",
                "indexPicUrl": "/MaterialsLibCovers/RXPiQAyxXY.jpg",
                "isEndCourseDate": null,
                "beginCourseDate": "2020-11-08 20:23:25.0",
                "picUrl1": "/MaterialsLibCovers/RXPiQAyxXY.jpg",
                "courseTitle": "无机化学（第四版）",
                "trueName": "Sam0230",
                "picUrl": "/MaterialsLibCovers/RXPiQAyxXY.jpg",
                "descAttach": "<font style='font-size:17px;color:#2977A8;'>课程简介</font><br><p>本数字课程是《无机化学》（第四版）纸质教材的配套资源，是利用数字化技术整合优质教学资源的出版形式，可扩展纸质教材内容，为读者提供电子教案、书中插图、矿物标本图片、实验视频等资源，供读者学习。</p><HR style='FILTER: alpha(opacity=100,finishopacity=0,style=3)' width='100%' color=#DBDBDB SIZE=1><font style='font-size:17px;color:#2977A8;'>版权信息</font><br><p>\r\n\t作品名称：无机化学数字课程\r\n</p>\r\n<p>\r\n\t出版时间：2019年8月\r\n</p>\r\n<p>\r\n\t出 版 社：高等教育出版社&nbsp; 高等教育电子音像出版社\r\n</p>\r\n<p>\r\n\t内容提供者：宋天佑\r\n</p>\r\n<p>\r\n\t策划编辑：李颖\r\n</p>\r\n<p>\r\n\t技术编辑：赵莉\r\n</p>\r\n<p>\r\n\t本网站资源的专有出版权归高等教育出版社所有，未经出版者预先书面许可，任何单位和个人不得为任何目的、以任何形式或手段复制和传播本课件的任何部分，出版者保留一切法律追究的权利。\r\n</p><HR style='FILTER: alpha(opacity=100,finishopacity=0,style=3)' width='100%' color=#DBDBDB SIZE=1><font style='font-size:17px;color:#2977A8;'>联系方式</font><br><p>内容编辑：李颖</p><p>电话：010-58581458</p><p>E-mail：liying2@hep.com.cn</p><p>技术咨询：李翠玲</p><p>电话：010-58556656</p><p>E-mail：abook@hep.com.cn</p>",
                "loginName": "Sam0230",
                "courseInfoId": 5000003391,
                "endCourseDate": "",
                "applyDateTime": "2020-11-08 20:23:25.0",
                "coursePrincipalName": ""
            },
            {
                "appPicUrl": "/courseImg/157793954679815779395507461577939550746.jpg",
                "indexPicUrl": "/MaterialsLibCovers/WGnAipTamh.jpg",
                "isEndCourseDate": null,
                "beginCourseDate": "2020-11-08 20:20:17.0",
                "picUrl1": "/MaterialsLibCovers/WGnAipTamh.jpg",
                "courseTitle": "普通化学（第七版）",
                "trueName": "Sam0230",
                "picUrl": "/MaterialsLibCovers/WGnAipTamh.jpg",
                "descAttach": "<font style='font-size:17px;color:#2977A8;'>课程简介</font><br><p>普通化学数字课程与纸质教材一体化设计，紧密配合。数字课程涵盖电子教案、重难点习题讲解、拓展知识视频等板块。充分运用多种形式媒体资源，极大地丰富了知识的呈现形式，拓展了教材内容。在提升课程教学效果的同时，为学生学习提供思维与探索的空间。</p><HR style='FILTER: alpha(opacity=100,finishopacity=0,style=3)' width='100%' color=#DBDBDB SIZE=1><font style='font-size:17px;color:#2977A8;'>联系方式</font><br><p>内容编辑：郭新华</p><p>电话：010-58581380</p><p>e-mail：guoxh@hep.com.cn</p><p>技术咨询：李翠玲</p><p>电话：010-58556656</p><p>e-mail：abook@hep.com.cn</p>",
                "loginName": "Sam0230",
                "courseInfoId": 5000003478,
                "endCourseDate": "",
                "applyDateTime": "2020-11-08 20:20:17.0",
                "coursePrincipalName": ""
            }
        ],
        "page": {
            "cur": 1,
            "pageCount": 1,
            "delta": 20,
            "endNum": 1,
            "pageNum": 5
        }
    }
]